"Qty";"Value";"Device";"Package";"Parts";"Description";"";
"1";"";"HEADER_MALE-1X8ROUND-RA";"1X08_ROUND_RA";"JP1";"PIN HEADER";"";
"2";"1K";"RESISTOR-US-0204/5";"RESISTOR_0204/5";"R1, R2";"RESISTOR, American symbol";"";
"2";"470";"RESISTOR-US-0204/5";"RESISTOR_0204/5";"R3, R4";"RESISTOR, American symbol";"";
"1";"MILADOR-DEVICE-M5-ACCESS-SWITCH";"MILADOR-DEVICE-M5-ACCESS-SWITCH";"MILADOR_M5_ACCESS_SWITCH";"LABEL_DEVICE_TOP";"";"";
"1";"MILADOR-LOGO-SM";"MILADOR-LOGO-SM";"MILADOR_LOGO2";"LABEL_LOGO_TOP";"";"";
"1";"MILADOR-SWITCH-NAME-SW-INPUT";"MILADOR-SWITCH-NAME-SW-INPUT";"SWITCH-INPUT";"LABEL_INPUT_TOP";"";"";
"2";"PC817";"PC817";"DIL04";"OK1, OK2";"SHARP OPTO COUPLER";"";
"2";"SJ-43514";"SJ-43514";"CUI_SJ-43514";"SW1, SW2";"";"";
"2";"STANDOFF_ELECTRICAL-2.5-TH";"STANDOFF_ELECTRICAL-2.5-TH";"STANDOFF-ELECTRICAL-2.5-TH";"H1, H2";"Stand Off";"";
